Emma,F
Olivia,F
Noah,M
Liam,M
Sophia,F
Mason,M
Ava,F
Jacob,M
William,M
Isabella,F
Ethan,M
Mia,F
James,M
Alexander,M
Michael,M
Benjamin,M
Elijah,M
Daniel,M
Aiden,M
Logan,M
Matthew,M
Abigail,F
Lucas,M
Jackson,M
Emily,F
David,M
Oliver,M
Jayden,M
Joseph,M
Charlotte,F
Gabriel,M
Samuel,M
Carter,M
Anthony,M
John,M
Harper,F
Dylan,M
Luke,M
Henry,M
Madison,F
Andrew,M
Isaac,M
Amelia,F
Christopher,M
Joshua,M
Elizabeth,F
Sofia,F
Wyatt,M
Sebastian,M
Owen,M
Evelyn,F
Avery,F
Caleb,M
Nathan,M
Ryan,M
Jack,M
Hunter,M
Levi,M
Christian,M
Jaxon,M
Julian,M
Landon,M
Chloe,F
Ella,F
Grayson,M
Grace,F
Jonathan,M
Victoria,F
Isaiah,M
Aubrey,F
Charles,M
Thomas,M
Aaron,M
Scarlett,F
Eli,M
Zoey,F
Connor,M
Jeremiah,M
Cameron,M
Addison,F
Lily,F
Josiah,M
Lillian,F
Adrian,M
Natalie,F
Hannah,F
Aria,F
Layla,F
Colton,M
Brooklyn,F
Jordan,M
Brayden,M
Nicholas,M
Robert,M
Angel,M
Alexa,F
Hudson,M
Zoe,F
Lincoln,M
Penelope,F
Evan,M
Dominic,M
Austin,M
Gavin,M
Nolan,M
Riley,F
Leah,F
Audrey,F
Savannah,F
Parker,M
Adam,M
Chase,M
Allison,F
Jace,M
Samantha,F
Nora,F
Ian,M
Skylar,F
Camila,F
Cooper,M
Easton,M
Kevin,M
Jose,M
Tyler,M
Anna,F
Brandon,M
Asher,M
Paisley,F
Jaxson,M
Mateo,M
Jason,M
Ariana,F
Ayden,M
Ellie,F
Aaliyah,F
Zachary,M
Claire,F
Violet,F
Stella,F
Sadie,F
Carson,M
Mila,F
Xavier,M
Gabriella,F
Leo,M
Lucy,F
Arianna,F
Kennedy,F
Sarah,F
Madelyn,F
Eleanor,F
Kaylee,F
Caroline,F
Ezra,M
Bentley,M
Hazel,F
Sawyer,M
Hailey,F
Kayden,M
Blake,M
Nathaniel,M
Genesis,F
Kylie,F
Ryder,M
Theodore,M
Autumn,F
Piper,F
Maya,F
Elias,M
Nevaeh,F
Serenity,F
Peyton,F
Tristan,M
Roman,M
Mackenzie,F
Leonardo,M
Bella,F
Camden,M
Eva,F
Taylor,F
Naomi,F
Brody,M
Luis,M
Miles,M
Micah,M
Vincent,M
Justin,M
Aubree,F
Aurora,F
Greyson,M
Declan,M
Maxwell,M
Juan,M
Melanie,F
Cole,M
Lydia,F
Damian,M
Brianna,F
Ruby,F
Katherine,F
Ashley,F
Carlos,M
Max,M
Alexis,F
Alice,F
Cora,F
Julia,F
Harrison,M
Madeline,F
Weston,M
Faith,F
Brantley,M
Braxton,M
Annabelle,F
Alyssa,F
Axel,M
Diego,M
Abel,M
Wesley,M
Santiago,M
Isabelle,F
Vivian,F
Jesus,M
Gianna,F
Silas,M
Giovanni,M
Bryce,M
Jayce,M
Bryson,M
Alex,M
Quinn,F
Clara,F
Reagan,F
Everett,M
George,M
Eric,M
Ivan,M
Emmett,M
Kaiden,M
Ashton,M
Khloe,F
Alexandra,F
Hadley,F
Eliana,F
Kingston,M
Sophie,F
London,F
Jonah,M
Elena,F
Jameson,M
Kimberly,F
Kai,M
Bailey,F
Maria,F
Luna,F
Willow,F
Jasmine,F
Maddox,M
Timothy,M
Kinsley,F
Ezekiel,M
Valentina,F
Ryker,M
Emmanuel,M
Kayla,F
Hayden,M
Antonio,M
Delilah,F
Andrea,F
Bennett,M
Steven,M
Natalia,F
Lauren,F
Morgan,F
Rylee,F
Richard,M
Sydney,F
Jude,M
Adalynn,F
Mary,F
Luca,M
Ximena,F
Edward,M
Joel,M
Victor,M
Miguel,M
Jade,F
Liliana,F
Malachi,M
King,M
Patrick,M
Brielle,F
Kaleb,M
Ivy,F
Trinity,F
Bryan,M
Josephine,F
Alan,M
Adalyn,F
Jocelyn,F
Marcus,M
Preston,M
Abraham,M
Calvin,M
Colin,M
Emery,F
Adeline,F
Bradley,M
Jeremy,M
Kyle,M
Graham,M
Jordyn,F
Grant,M
Ariel,F
Jesse,M
Kaden,M
Everly,F
Alejandro,M
Lilly,F
Oscar,M
Paige,F
Jase,M
Karter,M
Isla,F
Lyla,F
Maverick,M
Aidan,M
Makayla,F
Molly,F
Tucker,M
Emilia,F
Avery,M
Amir,M
Brian,M
Mya,F
Kendall,F
Iker,M
Melody,F
Matteo,M
Isabel,F
Brooke,F
Caden,M
Zayden,M
Mckenzie,F
Nicole,F
Payton,F
Margaret,F
Mariah,F
Riley,M
August,M
Eden,F
Mark,M
Maximus,M
Athena,F
Amy,F
Norah,F
Brady,M
Kenneth,M
Paul,M
Londyn,F
Jaden,M
Nicolas,M
Valeria,F
Beau,M
Sara,F
Aliyah,F
Angelina,F
Gracie,F
Dean,M
Rose,F
Jake,M
Peter,M
Xander,M
Rachel,F
Juliana,F
Elliot,M
Laila,F
Finn,M
Brooklynn,F
Valerie,F
Derek,M
Sean,M
Cayden,M
Elliott,M
Alina,F
Jax,M
Reese,F
Jasper,M
Elise,F
Lorenzo,M
Omar,M
Eliza,F
Beckett,M
Alaina,F
Rowan,M
Raelynn,F
Leilani,F
Catherine,F
Emerson,F
Gael,M
Cecilia,F
Corbin,M
Genevieve,F
Daisy,F
Waylon,M
Harmony,F
Myles,M
Vanessa,F
Adriana,F
Presley,F
Rebecca,F
Destiny,F
Hayden,F
Tanner,M
Jorge,M
Julianna,F
Michelle,F
Javier,M
Zion,M
Adelyn,F
Arabella,F
Summer,F
Andres,M
Callie,F
Charlie,M
Paxton,M
Emiliano,M
Kaitlyn,F
Brooks,M
Zane,M
Ryleigh,F
Lila,F
Daniela,F
Arya,F
Simon,M
Judah,M
Alana,F
Esther,F
Griffin,M
Finley,F
Gabrielle,F
Cody,M
Gunner,M
Jessica,F
Dawson,M
Israel,M
Charlie,F
Stephanie,F
Tessa,F
Rylan,M
Makenzie,F
Ana,F
Amaya,F
Alexandria,F
Gage,M
Alivia,F
Nova,F
Messiah,M
River,M
Kameron,M
Anastasia,F
Iris,F
Marley,F
Fiona,F
Angela,F
Giselle,F
Stephen,M
Francisco,M
Kate,F
Clayton,M
Zander,M
Alayna,F
Chance,M
Lola,F
Lucia,F
Eduardo,M
Juliette,F
Parker,F
Teagan,F
Sienna,F
Spencer,M
Lukas,M
Georgia,F
Hope,F
Cali,F
Vivienne,F
Damien,M
Dallas,M
Izabella,F
Kinley,F
Conner,M
Travis,M
Daleyza,F
Kylee,F
Knox,M
Jayla,F
Raymond,M
Katelyn,F
Peyton,M
Devin,M
Felix,M
Jayceon,M
Collin,M
Amari,M
Erick,M
Cash,M
Juliet,F
Jaiden,M
Fernando,M
Cristian,M
Josue,M
Keegan,M
Garrett,M
Rhett,M
Ricardo,M
Martin,M
Reid,M
Seth,M
Maggie,F
Dakota,F
Delaney,F
Brynlee,F
Andre,M
Keira,F
Camille,F
Cesar,M
Titus,M
Leila,F
Mckenna,F
Aniyah,F
Donovan,M
Manuel,M
Mario,M
Caiden,M
Adriel,M
Kyler,M
Noelle,F
Josie,F
Jennifer,F
Melissa,F
Milo,M
Archer,M
Gabriela,F
Allie,F
Eloise,F
Jeffrey,M
Holden,M
Arthur,M
Cassidy,F
Jacqueline,F
Brynn,F
Karson,M
Sawyer,F
Rafael,M
Evangeline,F
Jordan,F
Paris,F
Shane,M
Lane,M
Louis,M
Angelo,M
Olive,F
Ayla,F
Remington,M
Troy,M
Emerson,M
Maximiliano,M
Hector,M
Rosalie,F
Emilio,M
Kali,F
Anderson,M
Trevor,M
Maci,F
Gemma,F
Lilliana,F
Raegan,F
Lena,F
Adelaide,F
Phoenix,M
Walter,M
Journey,F
Johnathan,M
Johnny,M
Adelynn,F
Edwin,M
Julius,M
Alessandra,F
Kenzie,F
Barrett,M
Miranda,F
Leon,M
Haley,F
June,F
Harley,F
Charlee,F
Tyson,M
Lucille,F
Talia,F
Skyler,F
Makenna,F
Phoebe,F
Tobias,M
Edgar,M
Jane,F
Lyric,F
Angel,F
Dominick,M
Elaina,F
Adrianna,F
Ruth,F
Marshall,M
Miriam,F
Diana,F
Mariana,F
Danielle,F
Marco,M
Jenna,F
Joaquin,M
Shelby,F
Nina,F
Dante,M
Madeleine,F
Andy,M
Elliana,F
Cruz,M
Ali,M
Amina,F
Amiyah,F
Finley,M
Chelsea,F
Joanna,F
Jada,F
Lexi,F
Katie,F
Dalton,M
Maddison,F
Gideon,M
Reed,M
Fatima,F
Vera,F
Enzo,M
Sergio,M
Jett,M
Thiago,M
Kyrie,M
Ronan,M
Malia,F
Lilah,F
Madilyn,F
Cohen,M
Amanda,F
Daniella,F
Colt,M
Erik,M
Alexia,F
Kathryn,F
Paislee,F
Selena,F
Trenton,M
Jared,M
Laura,F
Walker,M
Annie,F
Landen,M
Nyla,F
Catalina,F
Kayleigh,F
Sloane,F
Kamila,F
Alexis,M
Nash,M
Jaylen,M
Lia,F
Haven,F
Rowan,F
Ashlyn,F
Gregory,M
Emanuel,M
Christina,F
Amber,F
Killian,M
Myla,F
Addilyn,F
Erin,F
Allen,M
Alison,F
Ainsley,F
Raelyn,F
Atticus,M
Cadence,F
Kendra,F
Desmond,M
Shawn,M
Heidi,F
Grady,M
Kelsey,F
Nadia,F
Alondra,F
Cheyenne,F
Kaydence,F
Mikayla,F
River,F
Quinn,M
Frank,M
Fabian,M
Heaven,F
Dakota,M
Arielle,F
Roberto,M
Lana,F
Blakely,F
Sabrina,F
Kyla,F
Beckham,M
Ada,F
Gracelyn,F
Major,M
Allyson,F
Felicity,F
Kira,F
Briella,F
Kamryn,F
Skyler,M
Adaline,F
Alicia,F
Nehemiah,M
Ember,F
Aylin,F
Drew,M
Veronica,F
Cade,M
Muhammad,M
Esmeralda,F
Sage,F
Leslie,F
Aspen,F
Gia,F
Kendrick,M
Camilla,F
Pedro,M
Ashlynn,F
Scarlet,F
Orion,M
Aden,M
Kamden,M
Journee,F
Ruben,M
Zaiden,M
Daphne,F
Clark,M
Noel,M
Bianca,F
Mckinley,F
Porter,M
Amira,F
Solomon,M
Romeo,M
Rory,M
Carmen,F
Kyleigh,F
Malik,M
Megan,F
Daxton,M
Skye,F
Leland,M
Elsie,F
Kennedi,F
Averie,F
Carly,F
Rylie,F
Kash,M
Gracelynn,F
Mallory,F
Abram,M
Emersyn,F
Logan,F
Derrick,M
Camryn,F
Kade,M
Gunnar,M
Prince,M
Annabella,F
Brendan,M
Leonel,M
Kason,M
Dylan,F
Elle,F
Kiara,F
Braylon,M
Yaretzi,F
Ariella,F
Legend,M
Zara,F
Pablo,M
April,F
Jay,M
Gwendolyn,F
Anaya,F
Baylee,F
Brinley,F
Adan,M
Jensen,M
Sierra,F
Annalise,F
Tatum,F
Serena,F
Esteban,M
Dahlia,F
Kellan,M
Macy,F
Drake,M
Warren,M
Miracle,F
Ismael,M
Madelynn,F
Briana,F
Ari,M
Freya,F
Russell,M
Macie,F
Bruce,M
Finnegan,M
Marcos,M
Jayson,M
Theo,M
Helen,F
Bethany,F
Leia,F
Jaxton,M
Phillip,M
Harlow,F
Dexter,M
Braylen,M
Armando,M
Blake,F
Jayleen,F
Braden,M
Angelica,F
Corey,M
Marilyn,F
Kolton,M
Viviana,F
Gerardo,M
Francesca,F
Ace,M
Juniper,F
Ellis,M
Malcolm,M
Tate,M
Carolina,F
Jazmin,F
Emely,F
Zachariah,M
Maliyah,F
Chandler,M
Cataleya,F
Milan,M
Keith,M
Jillian,F
Joy,F
Abby,F
Malaysia,F
Nylah,F
Sarai,F
Evelynn,F
Danny,M
Nia,F
Damon,M
Zuri,F
Enrique,M
Jonas,M
Addyson,F
Kane,M
Aleah,F
Princeton,M
Hugo,M
Kaia,F
Ronald,M
Bristol,F
Philip,M
Lorelei,F
Jazmine,F
Maeve,F
Ibrahim,M
Alejandra,F
Justice,F
Kayson,M
Maximilian,M
Lawson,M
Harvey,M
Julie,F
Marlee,F
Phoenix,F
Jimena,F
Albert,M
Donald,M
Emmalyn,F
Nayeli,F
Raul,M
Aleena,F
Brittany,F
Franklin,M
Hendrix,M
Odin,M
Amara,F
Karina,F
Giuliana,F
Thea,F
Brennan,M
Jamison,M
Braelynn,F
Kassidy,F
Braelyn,F
Luciana,F
Aubrie,F
Janelle,F
Dillon,M
Madisyn,F
Brylee,F
Leighton,F
Ryan,F
Brock,M
Amari,F
Eve,F
Millie,F
Landyn,M
Mohamed,M
Kelly,F
Selah,F
Lacey,F
Willa,F
Brycen,M
Haylee,F
Deacon,M
Jaylah,F
Colby,M
Alec,M
Julio,M
Scott,M
Matias,M
Sullivan,M
Sylvia,F
Melany,F
Rodrigo,M
Elisa,F
Elsa,F
Cason,M
Taylor,M
Hattie,F
Raven,F
Rocco,M
Holly,F
Aisha,F
Nico,M
Itzel,F
Kyra,F
Tiffany,F
Royal,M
Pierce,M
Augustus,M
Jayda,F
Michaela,F
Madilynn,F
Jamie,F
Celeste,F
Raiden,M
Lilian,F
Remi,F
Kasen,M
Benson,M
Moses,M
Priscilla,F
Cyrus,M
Raylan,M
Jazlyn,F
Karen,F
Savanna,F
Davis,M
Khalil,M
Moises,M
Zariah,F
Conor,M
Nikolai,M
Lauryn,F
Alijah,M
Mathew,M
Keaton,M
Alanna,F
Kara,F
Francis,M
Karla,F
Quentin,M
Ty,M
Cassandra,F
Ariah,F
Evie,F
Frances,F
Jaime,M
Aileen,F
Lennon,F
Charley,F
Rosemary,F
Danna,F
Regina,F
Ronin,M
Kian,M
Kaelyn,F
Lennox,M
Virginia,F
Malakai,M
Hanna,F
Atlas,M
Rebekah,F
Jerry,M
Alani,F
Edith,F
Liana,F
Ryland,M
Charleigh,F
Gloria,F
Ahmed,M
Saul,M
Sterling,M
Cameron,F
Colette,F
Kailey,F
Dennis,M
Lawrence,M
Carter,F
Helena,F
Matilda,F
Zayne,M
Imani,F
Bodhi,M
Bridget,F
Cynthia,F
Janiyah,F
Marissa,F
Arjun,M
Darius,M
Johanna,F
Sasha,F
Arlo,M
Eden,M
Tony,M
Kaliyah,F
Dustin,M
Cecelia,F
Kellen,M
Adelina,F
Jessa,F
Hayley,F
Julissa,F
Winter,F
Chris,M
Mohammed,M
Nasir,M
Omari,M
Crystal,F
Kaylie,F
Bailee,F
Kieran,M
Nixon,M
Rhys,M
Charli,F
Henley,F
Anya,F
Maia,F
Skyla,F
Armani,M
Arturo,M
Liberty,F
Bowen,M
Frederick,M
Callen,M
Leonidas,M
Remy,M
Fernanda,F
Wade,M
Monica,F
Braylee,F
Dallas,F
Mariam,F
Luka,M
Marie,F
Jakob,M
Winston,M
Justice,M
Beatrice,F
Hallie,F
Alonzo,M
Curtis,M
Maryam,F
Aarav,M
Gustavo,M
Angelique,F
Anne,F
Madalyn,F
Alayah,F
Annika,F
Greta,F
Royce,M
Asa,M
Gannon,M
Kyson,M
Lilyana,F
Hank,M
Izaiah,M
Roy,M
Kadence,F
Raphael,M
Luciano,M
Coraline,F
Lainey,F
Mabel,F
Hayes,M
Lillie,F
Case,M
Darren,M
Mohammad,M
Otto,M
Anika,F
Layton,M
Azalea,F
Isaias,M
Dayana,F
Alberto,M
Jamari,M
Colten,M
Dax,M
Marvin,M
Jaliyah,F
Casey,M
Moshe,M
Addisyn,F
Johan,M
Sam,M
Matthias,M
Emilee,F
Mira,F
Larry,M
Trey,M
Angie,F
Lilith,F
Mae,F
Devon,M
Trent,M
Meredith,F
Mauricio,M
Guadalupe,F
Emelia,F
Margot,F
Mathias,M
Melina,F
Issac,M
Dorian,M
Aniya,F
Gianni,M
Alena,F
Ahmad,M
Myra,F
Nikolas,M
Oakley,M
Elianna,F
Caitlyn,F
Uriel,M
Jaelynn,F
Lewis,M
Randy,M
Cullen,M
Braydon,M
Ezequiel,M
Jaelyn,F
Reece,M
Jimmy,M
Demi,F
Crosby,M
Mikaela,F
Tiana,F
Blair,F
Shiloh,F
Soren,M
Ariyah,F
Saylor,F
Uriah,M
Roger,M
Nathanael,M
Caitlin,F
Emmitt,M
Gary,M
Rayan,M
Ricky,M
Lindsey,F
Oakley,F
Mitchell,M
Alia,F
Everleigh,F
Roland,M
Alfredo,M
Cannon,M
Jalen,M
Ivanna,F
Miah,F
Emmy,F
Jessie,F
Tatum,M
Kobe,M
Yusuf,M
Anahi,F
Kaylin,F
Ansley,F
Quinton,M
Annabel,F
Remington,F
Korbin,M
Kora,F
Maisie,F
Brayan,M
Joe,M
Nathalie,F
Byron,M
Ariel,M
Quincy,M
Emory,F
Carl,M
Karsyn,F
Pearl,F
Kristopher,M
Irene,F
Alvin,M
Duke,M
Lance,M
Kimber,F
Rosa,F
Lylah,F
Magnolia,F
London,M
Samara,F
Jasiah,M
Elliot,F
Renata,F
Boston,M
Galilea,F
Kensley,F
Kiera,F
Whitney,F
Santino,M
Amelie,F
Siena,F
Bria,F
Laney,F
Perla,F
Lennon,M
Tatiana,F
Zelda,F
Deandre,M
Jaycee,F
Kori,F
Montserrat,F
Lorelai,F
Madden,M
Talon,M
Adele,F
Elyse,F
Katelynn,F
Kynlee,F
Sylas,M
Marina,F
Orlando,M
Jayden,F
Kailyn,F
Hamza,M
Avah,F
Kenley,F
Bo,M
Aldo,M
Douglas,M
Tristen,M
Wilson,M
Aviana,F
Maurice,M
Armani,F
Dulce,F
Samson,M
Alaia,F
Cayson,M
Teresa,F
Natasha,F
Bryant,M
Conrad,M
Milani,F
Amirah,F
Breanna,F
Linda,F
Tenley,F
Dane,M
Julien,M
Sincere,M
Sutton,F
Noe,M
Elaine,F
Elliott,F
Salvador,M
Aliza,F
Nelson,M
Kenna,F
Meadow,F
Alyson,F
Edison,M
Ramon,M
Rory,F
Lucian,M
Mekhi,M
Niko,M
Milana,F
Ayaan,M
Erica,F
Esme,F
Leona,F
Vihaan,M
Joselyn,F
Neil,M
Madalynn,F
Titan,M
Alma,F
Chanel,F
Myah,F
Karter,F
Zahra,F
Ernesto,M
Audrina,F
Ariya,F
Jemma,F
Eileen,F
Brentley,M
Kallie,F
Milan,F
Emmalynn,F
Lionel,M
Zayn,M
Lailah,F
Sloan,F
Clarissa,F
Karlee,F
Laylah,F
Dominik,M
Amiya,F
Collins,F
Ellen,F
Cassius,M
Rowen,M
Hadassah,F
Danica,F
Jaylene,F
Blaine,M
Sage,M
Averi,F
Reyna,F
Kelvin,M
Saige,F
Wren,F
Lexie,F
Dorothy,F
Lilianna,F
Jaxen,M
Memphis,M
Monroe,F
Leonard,M
Aryanna,F
Elisabeth,F
Ivory,F
Abdullah,M
Jacoby,M
Liv,F
Janessa,F
Jaylynn,F
Livia,F
Rayna,F
Allan,M
Jagger,M
Yahir,M
Alaya,F
Malaya,F
Forrest,M
Guillermo,M
Mack,M
Zechariah,M
Harley,M
Cara,F
Erika,F
Terry,M
Amani,F
Clare,F
Kylan,M
Addilynn,F
Roselyn,F
Fletcher,M
Rohan,M
Corinne,F
Paola,F
Jolene,F
Eddie,M
Anabelle,F
Bronson,M
Aliana,F
Lea,F
Mara,F
Jefferson,M
Lennox,F
Rayden,M
Claudia,F
Kristina,F
Terrance,M
Jaylee,F
Kaylynn,F
Zariyah,F
Marc,M
Morgan,M
Valentino,M
Gwen,F
Kinslee,F
Demetrius,M
Avianna,F
Lisa,F
Raquel,F
Kristian,M
Jolie,F
Carolyn,F
Courtney,F
Penny,F
Royal,F
Hezekiah,M
Lee,M
Alannah,F
Ciara,F
Chaya,F
Kassandra,F
Milena,F
Alessandro,M
Makai,M
Rex,M
Mina,F
Noa,F
Callum,M
Leanna,F
Zoie,F
Ariadne,F
Monserrat,F
Nola,F
Kamari,M
Carlee,F
Isabela,F
Jazlynn,F
Kairi,F
Laurel,F
Sky,F
Rosie,F
Casen,M
Tripp,M
Callan,M
Stanley,M
Toby,M
Elian,M
Arely,F
Aubrielle,F
Kenia,F
Noemi,F
Scarlette,F
Langston,M
Melvin,M
Payton,M
Farrah,F
Leyla,F
Flynn,M
Jamir,M
Kyree,M
Aryan,M
Amia,F
Bryanna,F
Axton,M
Azariah,M
Branson,M
Naya,F
Wynter,F
Reese,M
Hunter,F
Katalina,F
Adonis,M
Taliyah,F
Thaddeus,M
Amaris,F
Emerie,F
Martha,F
Thalia,F
Zeke,M
Christine,F
Estrella,F
Brenna,F
Milania,F
Salma,F
Tommy,M
Lillianna,F
Marjorie,F
Blaze,M
Carmelo,M
Shayla,F
Zendaya,F
Skylar,M
Aurelia,F
Brenda,F
Julieta,F
Arian,M
Bruno,M
Adilynn,F
Deborah,F
Keyla,F
Patricia,F
Kaysen,M
Layne,M
Ray,M
Emmeline,F
Hadlee,F
Zain,M
Giovanna,F
Kailee,F
Desiree,F
Crew,M
Jedidiah,M
Rodney,M
Casey,F
Karlie,F
Khaleesi,F
Lara,F
Tori,F
Clay,M
Tomas,M
Clementine,F
Nancy,F
Simone,F
Alden,M
Ayleen,F
Estelle,F
Jadiel,M
Celine,F
Madyson,F
Zaniyah,F
Harper,M
Adley,F
Amalia,F
Paityn,F
Ares,M
Kathleen,F
Sandra,F
Cory,M
Lizbeth,F
Maleah,F
Micah,F
Brecken,M
Chaim,M
Nickolas,M
Aryana,F
Hailee,F
Kareem,M
Xzavier,M
Aiyana,F
Joyce,F
Ryann,F
Kaison,M
Caylee,F
Kalani,F
Marisol,F
Nathaly,F
Alonso,M
Amos,M
Vicente,M
Briar,F
Samir,M
Yosef,M
Holland,F
Lindsay,F
Remy,F
Jamal,M
Jon,M
Adrienne,F
Azariah,F
Harlee,F
Dana,F
Frida,F
Marianna,F
Yamileth,F
Bobby,M
Chana,F
Kaya,F
Lina,F
Aron,M
Ben,M
Ford,M
Celia,F
Brodie,M
Cain,M
Analia,F
Hana,F
Finnley,M
Jayde,F
Joslyn,F
Romina,F
Briggs,M
Davion,M
Kingsley,M
Anabella,F
Barbara,F
Brett,M
Bryleigh,F
Emilie,F
Nathalia,F
Wayne,M
Zackary,M
Ally,F
Evalyn,F
Apollo,M
Emery,M
Joziah,M
Lucca,M
Bonnie,F
Zaria,F
Carla,F
Estella,F
Kailani,F
Rivka,F
Rylan,F
Bentlee,M
Hassan,M
Westin,M
Paulina,F
Joey,M
Vance,M
Kayden,F
Marcelo,M
Giana,F
Yareli,F
Axl,M
Jermaine,M
Chad,M
Kaiya,F
Sariah,F
Gerald,M
Kole,M
Avalynn,F
Jasmin,F
Dash,M
Dayton,M
Aya,F
Jewel,F
Kristen,F
Paula,F
Astrid,F
Jordynn,F
Kenya,F
Lachlan,M
Shaun,M
Ann,F
Annalee,F
Kai,F
Kody,M
Ronnie,M
Kiley,F
Marleigh,F
Kolten,M
Marcel,M
Stetson,M
Julianne,F
Zion,F
Emmaline,F
Nataly,F
Willie,M
Aminah,F
Amya,F
Iliana,F
Jaida,F
Paloma,F
Jeffery,M
Asia,F
Louisa,F
Sarahi,F
Tara,F
Brantlee,M
Andi,F
Arden,F
Dalary,F
Elisha,M
Maxim,M
Aimee,F
Alisson,F
Halle,F
Kendall,M
Aitana,F
Harry,M
Leandro,M
Landry,F
Alisha,F
Elin,F
Maliah,F
Aaden,M
Channing,M
Kohen,M
Yousef,M
Belen,F
Briley,F
Darian,M
Raina,F
Vienna,F
Enoch,M
Mayson,M
Neymar,M
Esperanza,F
Giovani,M
Judith,F
Alfonso,M
Duncan,M
Faye,F
Anders,M
Braeden,M
Dwayne,M
Keagan,M
Susan,F
Felipe,M
Aliya,F
Aranza,F
Yasmin,F
Fisher,M
Stefan,M
Jaylin,F
Kyndall,F
Saniyah,F
Wendy,F
Yaritza,F
Azaria,F
Kaelynn,F
Neriah,F
Zainab,F
Trace,M
Alissa,F
Cherish,F
Dixie,F
Veda,F
Aydin,M
Nala,F
Tabitha,F
Anson,M
Cordelia,F
Ellison,F
Meilani,F
Clyde,M
Angeline,F
Reina,F
Tegan,F
Blaise,M
Canaan,M
Maxton,M
Hadleigh,F
Harmoni,F
Kimora,F
Ingrid,F
Lilia,F
Luz,F
Alexzander,M
Billy,M
Harold,M
Aislinn,F
America,F
Ellis,F
Elora,F
Heather,F
Natalee,F
Baylor,M
Miya,F
Heavenly,F
Jenny,F
Aubriella,F
Emmalee,F
Kensington,F
Kiana,F
Lilyanna,F
Tinley,F
Gordon,M
Ophelia,F
Rene,M
Terrence,M
Vincenzo,M
Moriah,F
Sharon,F
Kamdyn,M
Marlon,M
Charlize,F
Castiel,M
Lamar,M
Abril,F
Avalyn,F
Mariyah,F
Taya,F
Augustine,M
Jamie,M
Ireland,F
Lyra,F
Noor,F
Sariyah,F
Eugene,M
Giavanna,F
Stevie,F
Harlan,M
Kase,M
Miller,M
Van,M
Rhea,F
Zaylee,F
Kolby,M
Sonny,M
Denise,F
Frankie,F
Janiya,F
Jocelynn,F
Libby,F
Emory,M
Junior,M
Aubrianna,F
Kaitlynn,F
Graysen,M
Heath,M
Rogelio,M
Will,M
Princess,F
Sidney,F
Amare,M
Ameer,M
Camdyn,M
Jerome,M
Maison,M
Alianna,F
Mollie,F
Micheal,M
Aadhya,F
Janae,F
Mattie,F
Tinsley,F
Cristiano,M
Giancarlo,M
Henrik,M
Lochlan,M
Aliah,F
Ari,F
Aubri,F
Kaidence,F
Danika,F
Jana,F
Mavis,F
Bode,M
Camron,M
Houston,M
Otis,M
Mercy,F
Hugh,M
Kannon,M
Konnor,M
Antonia,F
India,F
Miley,F
Raylee,F
Emmet,M
Kamryn,M
Maximo,M
Antonella,F
Regan,F
Robin,F
Adrien,M
Cedric,M
Dariel,M
Landry,M
Leighton,M
Magnus,M
Abrielle,F
Akira,F
Ayva,F
Cambria,F
Dani,F
Devyn,F
Mckayla,F
Rayne,F
Draven,M
Javon,M
Marley,M
Zavier,M
Alyvia,F
Diamond,F
Markus,M
Abbigail,F
Diya,F
Poppy,F
Justus,M
Anais,F
Anniston,F
Dalia,F
Reyansh,M
Rudy,M
Santana,M
Alisa,F
Ayana,F
Ellery,F
Misael,M
Addalyn,F
Charleston,F
Abdiel,M
Davian,M
Zaire,M
Amora,F
Ellianna,F
Samiyah,F
Jordy,M
Reginald,M
Mylah,F
Benton,M
Darwin,M
Franco,M
Jairo,M
Jonathon,M
Reuben,M
Urijah,M
Vivaan,M
Amayah,F
Carlie,F
Robyn,F
Brent,M
Gauge,M
Alaysia,F
Harleigh,F
Kaleigh,F
Temperance,F
Vaughn,M
Belle,F
Chandler,F
Cindy,F
Elina,F
Kaylani,F
Maddie,F
Shannon,F
Coleman,M
Zaid,M
Araceli,F
Audriana,F
Taryn,F
Terrell,M
Macey,F
Kenny,M
Londynn,F
Tamia,F
Brice,M
Bayleigh,F
Carina,F
Evalynn,F
Promise,F
Lyric,M
Ayanna,F
Sonia,F
Judson,M
Shiloh,M
August,F
Austyn,F
Emmie,F
Etta,F
Ramona,F
Damari,M
Kalel,M
Joelle,F
Paisleigh,F
Treasure,F
Aanya,F
Berkley,F
Everlee,F
Louise,F
Vada,F
Vivien,F
Braiden,M
Brenden,M
Coen,M
Denver,M
Javion,M
Thatcher,M
Renee,F
Rey,M
Meghan,F
Pyper,F
Dilan,M
Patience,F
Spencer,F
Dimitri,M
Immanuel,M
Mustafa,M
Ulises,M
Gwyneth,F
Kasey,F
Mercedes,F
Alvaro,M
Dominique,M
Eliseo,M
Ailyn,F
Carleigh,F
Karleigh,F
Anakin,M
Craig,M
Neveah,F
Rilynn,F
Saanvi,F
Sailor,F
Dario,M
Santos,M
Cristina,F
Honesty,F
Magdalena,F
Marian,F
Maylee,F
Grey,M
Ishaan,M
Carley,F
Scout,F
Jessie,M
Jonael,M
Maxine,F
Reign,F
Alfred,M
Tyrone,M
Valentin,M
Kourtney,F
Lesly,F
Taraji,F
Jadon,M
Turner,M
Maren,F
Opal,F
Ignacio,M
Riaan,M
Rocky,M
Jurnee,F
Keily,F
Riya,F
Ephraim,M
Marquis,M
Jubilee,F
Kylah,F
Tess,F
Musa,M
Rosalee,F
Keenan,M
Ridge,M
Addie,F
Adela,F
Fallon,F
Itzayana,F
Natalya,F
Chace,M
Kymani,M
Rodolfo,M
Adalee,F
Campbell,F
Krystal,F
Luisa,F
Makena,F
Samira,F
Darrell,M
Steve,M
Agustin,M
Jaziel,M
Micaela,F
Rosalyn,F
Adilene,F
Jenesis,F
Kailynn,F
Kelsie,F
Sally,F
Selina,F
Sherlyn,F
Whitley,F
Bree,F
Maisy,F
Marlowe,F
Violeta,F
Xiomara,F
Boone,M
Cairo,M
Kashton,M
Rashad,M
Aubriana,F
Gibson,M
Jabari,M
Addalynn,F
Calliope,F
Kataleya,F
Royalty,F
Avi,M
Quintin,M
Seamus,M
Izabelle,F
Kamilah,F
Rolando,M
Sutton,M
Adilyn,F
Aleigha,F
Gracyn,F
Katerina,F
Larissa,F
Loretta,F
Sunny,F
Camilo,M
Triston,M
Yehuda,M
Audrianna,F
Baylor,F
Blaire,F
Brynleigh,F
Elodie,F
Katrina,F
Novalee,F
Cristopher,M
Davin,M
Ernest,M
Jamarion,M
Kamren,M
Salvatore,M
Addelyn,F
Dalilah,F
Davina,F
Florence,F
Kaleah,F
Marlene,F
Selene,F
Anton,M
Aydan,M
Huxley,M
Jovani,M
Wilder,M
Alessia,F
Bryn,F
Della,F
Karma,F
Bodie,M
Jordyn,M
Louie,M
Abbie,F
Cecily,F
Drew,F
Sylvie,F
Achilles,M
Kaeden,M
Kamron,M
Ila,F
Kamille,F
Milah,F
Tia,F
Winnie,F
Aarush,M
Deangelo,M
Robin,M
Yadiel,M
Yahya,M
Annelise,F
Beatrix,F
Emani,F
Lillyanna,F
Theresa,F
Boden,M
Ean,M
Kye,M
Kylen,M
Todd,M
Truman,M
Kalia,F
Kaylen,F
Lillyana,F
Malayah,F
Chevy,M
Gilbert,M
Haiden,M
Deanna,F
Jacquelyn,F
Kinlee,F
Maritza,F
Marlie,F
Noel,F
Brixton,M
Dangelo,M
Juelz,M
Osvaldo,M
Ailani,F
Amiah,F
Bishop,M
Freddy,M
Reagan,M
Alora,F
Ezra,F
Stacy,F
Valery,F
Frankie,M
Malaki,M
Kinzley,F
Leela,F
Lianna,F
Camren,M
Deshawn,M
Jayvion,M
Leroy,M
Giada,F
Raya,F
Seraphina,F
Violette,F
Briar,M
Jaydon,M
Brynley,F
Charity,F
Geneva,F
Tyler,F
Antoine,M
Ayan,M
Harris,M
Tyree,M
Bexley,F
Caydence,F
Elayna,F
Preslee,F
Harlem,M
Simeon,M
Tristian,M
Elia,F
Haleigh,F
Taj,M
Annabeth,F
Ashtyn,F
Coral,F
Soraya,F
Yara,F
Brysen,M
Clinton,M
Deon,M
Kooper,M
Semaj,M
Destinee,F
Kaley,F
Sanaa,F
Jair,M
Jericho,M
Rayyan,M
Teagan,M
Yaakov,M
Dania,F
Denver,F
Egypt,F
Janice,F
Mika,F
Abner,M
Bridger,M
Keanu,M
Koen,M
Ramiro,M
Anayah,F
Delia,F
Malani,F
Vivianna,F
Eliezer,M
Ira,M
Isai,M
Khalid,M
Yisroel,M
Anneliese,F
Maryjane,F
Nahla,F
Nellie,F
Raylynn,F
Braylin,M
Danilo,M
Foster,M
Aliyana,F
Eisley,F
Estefania,F
Jovie,F
Karissa,F
Leilah,F
Miyah,F
Alistair,M
Mike,M
Emerald,F
Karis,F
Kaycee,F
Leena,F
Fox,M
Makhi,M
Randall,M
Westley,M
Brisa,F
Caleigh,F
Kendal,F
Howard,M
Koda,M
Zamir,M
Belinda,F
Cassie,F
Lorena,F
Cortez,M
Darryl,M
Garrison,M
Shmuel,M
Aiyanna,F
Audra,F
Britney,F
Kamiyah,F
Kaylyn,F
Susanna,F
Jamar,M
Krish,M
Merrick,M
Zyaire,M
Agnes,F
Ashton,F
Christiana,F
Mayra,F
Shea,F
Tianna,F
Gilberto,M
Jovanni,M
Mccoy,M
Ali,F
Margo,F
Nalani,F
Nya,F
Rita,F
Viola,F
Brayson,M
Camryn,M
Derick,M
Maddux,M
Laniyah,F
Nyomi,F
Vida,F
Darien,M
Efrain,M
Gatlin,M
Tadeo,M
Betty,F
Milagros,F
Skylynn,F
Ahmir,M
Denzel,M
Gino,M
Jaycob,M
Leif,M
Alex,F
Haylie,F
Karli,F
Meera,F
Rylynn,F
Branden,M
Octavio,M
Roderick,M
Wesson,M
Youssef,M
Zayd,M
Isabell,F
Aida,F
Bellamy,F
Bentley,F
Blessing,F
Gisselle,F
Ivana,F
Karmen,F
Kinleigh,F
Imran,M
Konner,M
Lyle,M
Tristin,M
Rachael,F
Karsen,M
Ralph,M
Rylen,M
Kendyl,F
Malak,F
Shirley,F
Alaric,M
Decker,M
Demarcus,M
Aarya,F
Irie,F
Maite,F
Roslyn,F
Yesenia,F
Clarence,M
Elvis,M
Karl,M
Kenton,M
Ulysses,M
Asha,F
Harriet,F
Hayleigh,F
Kacey,F
Rebeca,F
Samiya,F
Aayden,M
Gerard,M
Karim,M
Sidney,M
Clover,F
Karley,F
Kyrie,F
Lilyann,F
Reece,F
Roxanne,F
Aston,M
Greysen,M
Yael,M
Annaleigh,F
Annaliese,F
Carson,F
Kayleen,F
Khadija,F
Linnea,F
Malka,F
Tamara,F
Toni,F
Dale,M
Jaxx,M
Annette,F
Brinlee,F
Guinevere,F
Luella,F
Palmer,F
Rihanna,F
Rubi,F
Saniya,F
Sarina,F
Hollis,M
Isiah,M
Mac,M
Yaseen,M
Cailyn,F
Colbie,F
Emalyn,F
Evelina,F
Kaitlin,F
Karly,F
Katarina,F
Persephone,F
Vayda,F
Aidyn,M
Cormac,M
Kale,M
Jaleah,F
Jazmyn,F
Kyndal,F
Leilany,F
Petra,F
Eason,M
Ananya,F
Araya,F
Audree,F
Brayleigh,F
Celina,F
Flora,F
Mayah,F
Octavia,F
Zoya,F
Dashiell,M
Eliot,M
Jaxxon,M
Jesiah,M
Nigel,M
Rylee,M
Shepherd,M
Arantza,F
Farah,F
Jakayla,F
Kinsey,F
Edmund,M
Capri,F
Emiliana,F
Shanaya,F
Shay,F
Sofie,F
Yazmin,F
Deegan,M
Gavyn,M
Reynaldo,M
Tyrell,M
Arlene,F
Finnley,F
Grecia,F
Jacey,F
Marcella,F
Melinda,F
Priya,F
Skylah,F
Zayla,F
Brendon,M
Colson,M
Corbyn,M
Izayah,M
Jaylin,M
Korbyn,M
Calista,F
Isadora,F
Keila,F
Shaylee,F
Brenton,M
Giovanny,M
Joan,M
Menachem,M
Pierre,M
Shlomo,M
Areli,F
Grayson,F
Jazelle,F
Silvia,F
Jad,M
Jeremias,M
Johnathon,M
Sami,M
Carsyn,F
Darcy,F
Elissa,F
Janie,F
Jazzlyn,F
Kiersten,F
Shreya,F
Damarion,M
Gonzalo,M
Kalvin,M
Mordechai,M
Vladimir,M
Emi,F
Nyah,F
Pamela,F
Tesla,F
Aedan,M
Andie,F
Dayanna,F
Delanie,F
Kenleigh,F
Jarrett,M
Jaylon,M
Lian,M
Stephan,M
Anabel,F
Izzabella,F
Yaretzy,F
Carsen,M
Cristobal,M
Finnian,M
Glenn,M
Lathan,M
Lenny,M
Maxx,M
Abbey,F
Carissa,F
Elinor,F
Keziah,F
Legacy,F
Sonya,F
Zahara,F
Corban,M
Deklan,M
Gus,M
Kabir,M
Kennedy,M
Mariano,M
Alanah,F
Cheyanne,F
Haddie,F
Jaylyn,F
Leigha,F
Maribel,F
Nadine,F
Salem,F
Yuliana,F
Davon,M
Jovan,M
Amaia,F
Damaris,F
Litzy,F
Koa,M
Linus,M
Lucien,M
Trystan,M
Azul,F
Gretchen,F
Journi,F
Mariella,F
Daryl,M
Ronaldo,M
Yair,M
Aadya,F
Annabell,F
Dariana,F
Donna,F
Emme,F
Ida,F
Judy,F
Layan,F
Hakeem,M
Syed,M
Tiago,M
Aislynn,F
Darlene,F
Hailie,F
Jaclyn,F
Kya,F
Lucie,F
Nailah,F
Nayla,F
Saoirse,F
Shyla,F
Aditya,M
Broderick,M
Jayse,M
Shimon,M
Zev,M
Alba,F
Ariela,F
Dior,F
Lincoln,F
Oaklee,F
Tallulah,F
Yasmine,F
Amar,M
Ansel,M
Dhruv,M
Ismail,M
Jakobe,M
Jordi,M
Keller,M
Ledger,M
Maksim,M
Ross,M
Dina,F
Essence,F
Jamiyah,F
Kamari,F
Lacy,F
Rayleigh,F
Rowyn,F
Tina,F
Winifred,F
Karsyn,M
Kent,M
Slade,M
Thorin,M
Eleanora,F
Ema,F
Evangelina,F
Marin,F
Stephany,F
Adolfo,M
Brogan,M
Marcello,M
Mikael,M
Ashanti,F
Elly,F
Emmerson,F
Leticia,F
Lidia,F
Nariah,F
Raleigh,F
Sanai,F
Tania,F
Zella,F
Donte,M
German,M
Jean,M
Jorden,M
Kaidyn,M
Kyren,M
Smith,M
Stone,M
Aaleyah,F
Analise,F
Aniston,F
Carmella,F
Janet,F
Kenlee,F
Kynleigh,F
Maura,F
Naima,F
Adler,M
Aries,M
Cian,M
Guy,M
Lyndon,M
Wallace,M
Zahir,M
Bernadette,F
Chasity,F
Kynslee,F
Addison,M
Cornelius,M
Milton,M
Nick,M
Nikko,M
Raheem,M
Aracely,F
Austin,F
Ayesha,F
Beverly,F
Blythe,F
Kenzi,F
Mireya,F
Benedict,M
Bilal,M
Kyron,M
Neal,M
Adalie,F
Avalon,F
Jael,F
Lakyn,F
Suri,F
Yoselin,F
Carmine,M
Damion,M
Kyan,M
Viaan,M
Zack,M
Abbygail,F
Harlie,F
Kalea,F
Pepper,F
Yaneli,F
Bernard,M
Darnell,M
Fredrick,M
Gian,M
Jionni,M
Ayah,F
Denisse,F
Queen,F
Vivianne,F
Elmer,M
Mikel,M
Murphy,M
Aarna,F
Emeri,F
Yvette,F
Aubrey,M
Beck,M
Brighton,M
Ishmael,M
Jet,M
Zyon,M
Anita,F
Carli,F
Elana,F
Gwenyth,F
Jaylen,F
Kamiya,F
Lela,F
Marion,F
Quincy,F
Alton,M
Emir,M
Ever,M
Josias,M
Norman,M
Yitzchok,M
Amyra,F
Anjali,F
Bridgette,F
Charlene,F
Eunice,F
Indie,F
Jersey,F
Rosalind,F
Archie,M
Armaan,M
Cael,M
Clifford,M
Humberto,M
Jai,M
Kallen,M
Marcellus,M
Masen,M
Maiya,F
Malina,F
Sapphire,F
Aleksander,M
Kruz,M
Meir,M
Noble,M
Tayden,M
Viktor,M
Arianny,F
Ayvah,F
Kamilla,F
Korra,F
Aamir,M
Aayan,M
Andreas,M
Bastian,M
Cal,M
Carlo,M
Salman,M
Constance,F
Estefany,F
Iyanna,F
Katy,F
Destin,M
Eder,M
Elam,M
Mikhail,M
Wes,M
Imogen,F
Jailyn,F
Kamora,F
Keilani,F
Prisha,F
Rosalina,F
Taliah,F
Amarion,M
Brennen,M
Carver,M
Colter,M
Gray,M
Monroe,M
Nikola,M
Vince,M
Aila,F
Alanis,F
Kacie,F
Kaila,F
Lucinda,F
Mariela,F
Shyanne,F
Ziva,F
Bently,M
Cale,M
Diesel,M
Eamon,M
Kaiser,M
Abriella,F
Amilia,F
Calla,F
Gisele,F
Jaqueline,F
Peighton,F
Symphony,F
Zaira,F
Barry,M
Dion,M
Perry,M
Quinten,M
Salem,M
Cosette,F
Freyja,F
Kaci,F
Kierra,F
Lacie,F
Lizeth,F
Rosalia,F
Caius,M
Ewan,M
Haven,M
Idris,M
Ruger,M
Camden,F
Claira,F
Kinsleigh,F
Noah,F
Presleigh,F
Unique,F
Abdulrahman,M
Coy,M
Daylen,M
Graeme,M
Johann,M
Palmer,M
Sheldon,M
Tahj,M
Torin,M
Cambree,F
Harmonie,F
Hillary,F
Zora,F
Campbell,M
Lev,M
Lucius,M
Marquise,M
Jiselle,F
Jude,F
Makiyah,F
Noelia,F
Taelyn,F
Ammar,M
Hussein,M
Johnpaul,M
Keon,M
Maddix,M
Tzvi,M
Avani,F
Dominique,F
Eleni,F
Emry,F
Heidy,F
Nori,F
Rosalynn,F
Serafina,F
Zaniya,F
Bear,M
Gaige,M
Jakari,M
Pierson,M
Rishi,M
Zaylen,M
Adina,F
Akshara,F
Chevelle,F
Karoline,F
Laken,F
Lillyann,F
Lori,F
Nikki,F
Rosemarie,F
Ryder,F
Zaynab,F
Alek,M
Atreyu,M
Aven,M
Avraham,M
Jacobi,M
Jarvis,M
Jenson,M
Link,M
Wiley,M
Annamarie,F
Aspyn,F
Dalila,F
Everley,F
Hartley,F
Ruthie,F
Wilhelmina,F
Yarely,F
Ander,M
Baron,M
Benicio,M
Boaz,M
Forest,M
Jaceon,M
Jahmir,M
Keelan,M
Kilian,M
Leeland,M
Malakhi,M
Pranav,M
Rowdy,M
Yoel,M
Adalina,F
Arabelle,F
Cattleya,F
Jackeline,F
Jaslyn,F
Jaya,F
Kayley,F
Rowen,F
Tahlia,F
Bernardo,M
Cashton,M
Francesco,M
Xavi,M
Alessa,F
Annistyn,F
Brigitte,F
Desirae,F
Lenora,F
Martina,F
Saphira,F
Sia,F
Zadie,F
Siddharth,M
Adyson,F
Althea,F
Ariane,F
Ariyana,F
Avril,F
Inara,F
Moira,F
Oona,F
Precious,F
Shania,F
Adiel,M
Cordell,M
Dereck,M
Jayven,M
Kael,M
Ramsey,M
Abrianna,F
Ariadna,F
Avarie,F
Georgina,F
Geraldine,F
Keegan,F
Laci,F
Maliya,F
Marceline,F
May,F
Sana,F
Zia,F
Avion,M
Earl,M
Eliyahu,M
Jael,M
Marshawn,M
Oren,M
Presley,M
Tevin,M
Zakaria,M
Amariah,F
Amyah,F
Arlette,F
Halo,F
Journie,F
Letty,F
Melia,F
Raeleigh,F
Renesmee,F
Roxana,F
Shae,F
Zola,F
Aksel,M
Creed,M
Devonte,M
Eleazar,M
Jakai,M
Nova,M
Tobin,M
Aubreigh,F
Izabel,F
Julietta,F
Kathy,F
Nicolette,F
Zuleyka,F
Dezmond,M
Elvin,M
Emil,M
Izaac,M
Jaxsen,M
Kanon,M
Laith,M
Massimo,M
Niam,M
Sebastien,M
Zephyr,M
Adaleigh,F
Carrie,F
Daria,F
Darla,F
Isha,F
Kaylah,F
Liza,F
Miabella,F
Montana,F
Skylee,F
Aaryan,M
Antony,M
Gionni,M
Hasan,M
Jaydan,M
Kaine,M
Kiyan,M
Sammy,M
Yandel,M
Alyse,F
Amethyst,F
Anaiah,F
Betsy,F
Camdyn,F
Christian,F
Deja,F
Khalia,F
Krista,F
Margarita,F
Salome,F
Sheila,F
Stormy,F
Susana,F
Yamilet,F
Axle,M
Coby,M
Demari,M
Hoyt,M
Kain,M
Kiran,M
Nestor,M
Tylan,M
Anyla,F
Cambrie,F
Caysen,M
Deion,M
Jaeden,M
Jeremih,M
Nikhil,M
Rian,M
Westyn,M
Alyanna,F
Elliette,F
Emoni,F
Eryn,F
Jamya,F
Jordin,F
Karolina,F
Kenzlee,F
Rilee,F
Savanah,F
Abdul,M
Azael,M
Bradyn,M
Demarion,M
Kenji,M
Ollie,M
Zackery,M
Zaden,M
Alyna,F
Baila,F
Chelsey,F
Chyna,F
Honor,F
Kaisley,F
Keren,F
Lorraine,F
Nelly,F
Rhylee,F
Rileigh,F
Shayna,F
Taylin,F
Yulissa,F
Yuna,F
Benaiah,M
Cillian,M
Devan,M
Eliel,M
Emmit,M
Hans,M
Isaak,M
Josh,M
Kurt,M
Watson,M
Cayla,F
Elisha,F
Gillian,F
Jamiya,F
Karmyn,F
Kirsten,F
Niya,F
Sahana,F
Sahara,F
Tayla,F
Waverly,F
Zinnia,F
Bryer,M
Dovid,M
Kayleb,M
Mikah,M
Reign,M
Rico,M
Shamar,M
Indigo,F
Josslyn,F
Liah,F
Melani,F
Reem,F
Santana,F
Siya,F
Teegan,F
Yasmeen,F
Austen,M
Jamel,M
Lamont,M
Lonnie,M
Rome,M
Ariyanna,F
Brylie,F
Channing,F
Cleo,F
Emmarie,F
Gitty,F
Janiah,F
Kloe,F
Melodie,F
Rhiannon,F
Samia,F
Taniyah,F
Yvonne,F
Ajay,M
Braxtyn,M
Chaz,M
Dillan,M
Donnie,M
Eddy,M
Kelton,M
Onyx,M
Thor,M
Amal,F
Amberly,F
Aviva,F
Carol,F
Georgiana,F
Isis,F
Jianna,F
Joslynn,F
Kingsley,F
Margaux,F
Mazie,F
Payten,F
Raniyah,F
Samaya,F
Zarah,F
Abdirahman,M
Faris,M
Kolt,M
Leyton,M
Pharaoh,M
Umar,M
Zephaniah,M
Aiza,F
Aleyda,F
Arleth,F
Blanca,F
Brookelynn,F
Cielo,F
Elouise,F
Emberly,F
Jalayah,F
Justyce,F
Kayli,F
Kenzley,F
Leanne,F
Makenzi,F
Mileena,F
Navy,F
Nechama,F
Nila,F
Benny,M
Clint,M
Hagen,M
Lazarus,M
Noam,M
Syncere,M
Yasir,M
Zakariya,M
Zeus,M
Ameera,F
Anisa,F
Arwen,F
Dianna,F
Edie,F
Hensley,F
Ivey,F
Kinzlee,F
Laniya,F
Magdalene,F
Marielle,F
Maryann,F
Tala,F
Taytum,F
Hiram,M
Jacen,M
Jessiah,M
Shepard,M
Yeshua,M
Abigale,F
Cori,F
Hudson,F
Jaylani,F
Jessalyn,F
Kari,F
Lucero,F
Oakleigh,F
Paizley,F
Rori,F
Xitlali,F
Akeem,M
Brandt,M
Canyon,M
Cecil,M
Dakari,M
Don,M
Ishan,M
Loki,M
Ramses,M
Ashleigh,F
Brea,F
Colleen,F
Graciela,F
Klara,F
Arham,M
Duane,M
Kadyn,M
Tyrese,M
Aleksandra,F
Aleyna,F
Ashly,F
Asiya,F
Carmela,F
Echo,F
Gentry,F
Iyla,F
Jaina,F
Kalina,F
Laiyah,F
Mariel,F
Nichole,F
Sanaya,F
Shoshana,F
Tiara,F
Viktoria,F
Antwan,M
Dashawn,M
Geovanni,M
Giuseppe,M
Jethro,M
Krew,M
Savion,M
Tegan,M
Truett,M
Zavion,M
Abygail,F
Adalia,F
Aislyn,F
Ester,F
Navya,F
Soleil,F
Vaida,F
Alexandre,M
Ansh,M
Courtney,M
Elan,M
Everest,M
Irvin,M
Javen,M
Khai,M
Marek,M
Veer,M
Armoni,F
Brittney,F
Candice,F
Cooper,F
Darby,F
Emalee,F
Kianna,F
Maelynn,F
Novah,F
Tanvi,F
Zaina,F
Amauri,M
Bronx,M
Clifton,M
Denis,M
Grayden,M
Isa,M
Jamil,M
Judd,M
Keyon,M
Korben,M
Rishaan,M
Yousif,M
Chiara,F
Cierra,F
Devin,F
Finleigh,F
Jadyn,F
Journei,F
Katia,F
Khloee,F
Kristin,F
Laylani,F
Violetta,F
Bailey,M
Cedar,M
Ely,M
Jahlil,M
Koby,M
Markel,M
Oskar,M
Rigoberto,M
Tiberius,M
Wolfgang,M
Adleigh,F
Annalisa,F
Berkeley,F
Brandi,F
Ever,F
Jaslynn,F
Kamdyn,F
Layna,F
Lois,F
Love,F
Chayce,M
Deven,M
Levon,M
Lloyd,M
Abigayle,F
Adalynne,F
Braylynn,F
Faigy,F
Fatimah,F
Jaiden,F
Khadijah,F
Loren,F
Mona,F
Niyah,F
Reya,F
Taelynn,F
Carsyn,M
Devyn,M
Dov,M
Drayden,M
Floyd,M
Fynn,M
Jaron,M
Kaius,M
Kyran,M
Laken,M
Monte,M
Stephon,M
Aleeah,F
Aleyah,F
Emberlyn,F
Emelyn,F
Hollis,F
Italia,F
Johana,F
Kaliah,F
Lynlee,F
Marisa,F
Yolanda,F
Zayda,F
Britton,M
Estevan,M
Johnnie,M
Jones,M
Khari,M
Kyrin,M
Marcelino,M
Matheo,M
Olin,M
Annmarie,F
Arayah,F
Aryah,F
Beatriz,F
Emberlynn,F
Jacelyn,F
Jamila,F
Juana,F
Mariajose,F
Maycee,F
Sandy,F
Yusra,F
Arman,M
Banks,M
Damoni,M
Dev,M
Nazir,M
Yakov,M
Aditi,F
Artemis,F
Ashlee,F
Bennett,F
Coralie,F
Elyssa,F
Jolee,F
Maelyn,F
Rocio,F
Roselynn,F
Safa,F
Shaniya,F
Sumaya,F
Tanya,F
Yael,F
Domenic,M
Fischer,M
Henley,M
Maxon,M
Morris,M
Raylen,M
Saif,M
Stryker,M
Yariel,M
Zaine,M
Abagail,F
Annalynn,F
Arie,F
Avia,F
Daleysa,F
Deasia,F
Iman,F
Jacie,F
Keeley,F
Korie,F
Kyah,F
Lettie,F
Marcela,F
Maylin,F
Memphis,F
Myka,F
Talya,F
Valencia,F
Vicky,F
Arnav,M
Austyn,M
Azriel,M
Braxten,M
Caspian,M
Damir,M
Dwight,M
Jasiel,M
Javian,M
Maddex,M
Rio,M
Yasin,M
Acacia,F
Brighton,F
Hafsa,F
Kennadi,F
Laina,F
Mackenna,F
Makinley,F
Marli,F
Oriana,F
Raelee,F
Rhyan,F
Rochel,F
Dewayne,M
Kylar,M
Mattias,M
Mickey,M
Montgomery,M
Ransom,M
Shaurya,M
Trevon,M
Vernon,M
Wilmer,M
Zakai,M
Dora,F
Gina,F
Jaycie,F
Justine,F
Kalli,F
Kiyah,F
Laikyn,F
Lanie,F
Lluvia,F
Monique,F
Paizlee,F
Rania,F
Stacey,F
Yana,F
Gareth,M
Henri,M
Ilan,M
Kace,M
Kasey,M
Kelly,M
Klayton,M
Maximillian,M
Myron,M
Terence,M
Zaidyn,M
Analeah,F
Cristal,F
Fabiola,F
Irelynn,F
Iyana,F
Marianne,F
Alexavier,M
Ambrose,M
Amias,M
Anas,M
Aryeh,M
Brigham,M
Fred,M
Irving,M
Jakobi,M
Jaquan,M
Kyng,M
Kyzer,M
Lester,M
Marko,M
Mauro,M
Niklaus,M
Osiris,M
Steele,M
Angely,F
Beckett,F
Elysia,F
Italy,F
Joan,F
Josselyn,F
Lakelyn,F
Leen,F
Lula,F
Lux,F
Makaylah,F
Malena,F
Mariya,F
Merida,F
Mirabelle,F
Trisha,F
Braulio,M
Efren,M
Eithan,M
Evander,M
Gianluca,M
Khaled,M
Luther,M
Osman,M
Aminata,F
Anylah,F
Aoife,F
Aveline,F
Dawn,F
Ela,F
Iva,F
Keely,F
Kerrigan,F
Laya,F
Raizy,F
Veronika,F
Ash,M
Beaux,M
Bjorn,M
Chester,M
Denim,M
Ender,M
Jaidyn,M
Jaleel,M
Jariel,M
Jayvon,M
Jordon,M
Jovanny,M
Korey,M
Mahdi,M
Roan,M
Ryatt,M
Theron,M
Zamari,M
Alonna,F
Ansleigh,F
Avigail,F
Dream,F
Evan,F
Ines,F
Ira,F
Kavya,F
Lane,F
Loyalty,F
Nour,F
Ripley,F
Abdulaziz,M
Azaiah,M
Bryden,M
Gentry,M
Jaysen,M
Kaisen,M
Ryden,M
Zachery,M
Aeris,F
Afton,F
Arionna,F
Brystol,F
Caelyn,F
Elli,F
Emmaleigh,F
Estela,F
Inaya,F
Irina,F
Jeanette,F
Khali,F
Liyah,F
Lynette,F
Marwa,F
Naila,F
Stefany,F
Aurelio,M
Dontae,M
Ezrah,M
Fidel,M
Heriberto,M
Hyrum,M
Shea,M
Yazan,M
Zyler,M
Allisson,F
Alyana,F
Billie,F
Caliyah,F
Dasha,F
Harleen,F
Jaidyn,F
Janelly,F
Jiya,F
Joanne,F
Joey,F
Lailani,F
Lesley,F
Maddilyn,F
Paulette,F
Roxanna,F
Sabine,F
Sydnee,F
Xochitl,F
Zarina,F
Zyla,F
Arnold,M
Kacen,M
Micaiah,M
Neel,M
Patricio,M
Tremaine,M
Zayvion,M
Amerie,F
Aura,F
Chava,F
Jaci,F
Josefina,F
Juanita,F
Kyler,F
Naia,F
Rachelle,F
Rae,F
Rylin,F
Sabina,F
Aiyden,M
Andrey,M
Arrow,M
Cam,M
Carlton,M
Donavan,M
Eliam,M
Ervin,M
Fredy,M
Kenan,M
Lyam,M
Phineas,M
Riker,M
Tariq,M
Vito,M
Analee,F
Audrie,F
Citlali,F
Dafne,F
Devorah,F
Gracen,F
Hayven,F
Jackie,F
Jacklyn,F
Kelis,F
Nikita,F
Noella,F
Rain,F
Susie,F
Taylee,F
Terra,F
Xena,F
Advik,M
Daxon,M
Eitan,M
Ethen,M
Glen,M
Ike,M
Jan,M
Jaxyn,M
Jerimiah,M
Jhett,M
Kenyon,M
Ryley,M
Sabastian,M
Amaria,F
Asma,F
Brissa,F
Diane,F
Evelin,F
Malky,F
Olyvia,F
Pippa,F
Samaria,F
Star,F
Alexandro,M
Arden,M
Bane,M
Ellison,M
Genesis,M
Izan,M
Jakub,M
Jules,M
Kirk,M
Leopold,M
Muhammed,M
Nate,M
Nikita,M
Amarah,F
Aniah,F
Brynnlee,F
Elyana,F
Isobel,F
Janyla,F
Kaira,F
Kynzlee,F
Majesty,F
Mason,F
Sanvi,F
Atharv,M
Brently,M
Caesar,M
Constantine,M
Davi,M
Elon,M
Josef,M
Kainoa,M
Lars,M
Linkin,M
Obadiah,M
Teddy,M
Adah,F
Anayeli,F
Avonlea,F
Eiza,F
Gaia,F
Jannah,F
Jannat,F
Lourdes,F
Maddox,F
Maelee,F
Rosalinda,F
Sybil,F
Hansel,M
Herman,M
Huck,M
Izaak,M
Jacques,M
Lucio,M
Remi,M
Rockwell,M
Shaan,M
Stellan,M
Adalind,F
Alli,F
Amarie,F
Aubry,F
Avamarie,F
Candace,F
Destini,F
Eleanore,F
Emrie,F
Harlem,F
Janeth,F
Jenelle,F
Katharine,F
Layne,F
Liya,F
Mayte,F
Raine,F
Zaya,F
Aaiden,M
Arya,M
Auden,M
Cristofer,M
Dan,M
Dyland,M
Jackie,M
Jencarlos,M
Jiovanni,M
Macklin,M
Shayne,M
Triton,M
Aarohi,F
Arizona,F
Baileigh,F
Bracha,F
Greer,F
Josephina,F
Kodi,F
Lilyan,F
Melania,F
Milly,F
Nyasia,F
Reilly,F
Rian,F
Selma,F
Zariya,F
Aayush,M
Angus,M
Athan,M
Gabe,M
Jelani,M
Kenzo,M
Nolen,M
Obed,M
Teo,M
Wells,M
Ameena,F
Amor,F
Annaleah,F
Ellia,F
Jalaya,F
Jennah,F
Katheryn,F
Kiya,F
Maizy,F
Maryn,F
Murphy,F
Perry,F
Rayven,F
Sheyla,F
Sol,F
Teigan,F
Zyana,F
Aspen,M
Benito,M
Brad,M
Brentlee,M
Charleston,M
Coleson,M
Deshaun,M
Graydon,M
Job,M
Kamarion,M
Ken,M
Kiaan,M
Kyden,M
Lazaro,M
Rickey,M
Shalom,M
Viraj,M
Avalee,F
Avary,F
Avaya,F
Brooklynne,F
Danae,F
Eliora,F
Haidyn,F
Hawa,F
Inaaya,F
Joann,F
Joi,F
Juno,F
Kimberlyn,F
Leora,F
Lupita,F
Makaila,F
Mari,F
Mildred,F
Odette,F
Triniti,F
Adnan,M
Avrohom,M
Canon,M
Casper,M
Hussain,M
Jeramiah,M
Lenox,M
Linden,M
Markell,M
Nehemias,M
Om,M
Rogan,M
Tyce,M
Ved,M
Xaiden,M
Agatha,F
Alaiyah,F
Alexus,F
Analeigh,F
Aven,F
Charis,F
Doris,F
Ellington,F
Fern,F
Gizelle,F
Kamiah,F
Krisha,F
Laine,F
Manha,F
Saydee,F
Sonja,F
Taniya,F
Vianney,F
Chancellor,M
Ilyas,M
Jamarcus,M
Khristian,M
Khyree,M
Mathis,M
Miguelangel,M
Adelle,F
Aja,F
Anissa,F
Annemarie,F
Aylah,F
Danni,F
Eila,F
Emeline,F
Eternity,F
Fallyn,F
Jhene,F
Kalynn,F
Kaniyah,F
Lillith,F
Mylee,F
Neva,F
Ria,F
Ryley,F
Sterling,F
Baker,M
Chayse,M
Dandre,M
Demarco,M
Demetri,M
Hamilton,M
Mylo,M
Paris,M
Reilly,M
Samarth,M
Stuart,M
Tyshawn,M
Adelia,F
Adrian,F
Alayla,F
Batsheva,F
Breelyn,F
Calli,F
Coco,F
Emalynn,F
Giulia,F
Gladys,F
Hollie,F
Jailynn,F
Jalynn,F
Jazzlynn,F
Jia,F
Kalena,F
Kambree,F
Linley,F
Loralei,F
Marlow,F
Mckinlee,F
Millicent,F
Ramsey,F
Rebel,F
Shaniyah,F
Sinai,F
Timber,F
Tracy,F
Yaiza,F
Aharon,M
Braedyn,M
Bryar,M
Callahan,M
Carsten,M
Charley,M
Colston,M
Daylan,M
Freddie,M
Jairus,M
Jaycion,M
Keshawn,M
Omarion,M
Rashawn,M
Raymundo,M
Alijah,F
Alyza,F
Anisha,F
Braylin,F
Carys,F
Christy,F
Connie,F
Daenerys,F
Delylah,F
Flor,F
Glory,F
Ilana,F
Izel,F
Janna,F
Jasleen,F
Jazmyne,F
Kamya,F
Keiry,F
Kenzleigh,F
Kinzie,F
Leylani,F
Lynn,F
Taleah,F
Tamar,F
Zayna,F
Abdullahi,M
Arion,M
Clive,M
Orrin,M
Rafe,M
Rivers,M
Said,M
Tytus,M
Aaradhya,F
Ameerah,F
Arianne,F
Avelyn,F
Charly,F
Cienna,F
Emmi,F
Jasmyn,F
Kaydance,F
Kaydee,F
Larkin,F
Leann,F
Lexington,F
Milla,F
Yatziri,F
Yazaira,F
Alister,M
Amin,M
Anish,M
Brant,M
Cai,M
Ezio,M
Jaedyn,M
Jaxston,M
Kory,M
Massiah,M
Shannon,M
Sky,M
Treyson,M
Yousuf,M
Addelynn,F
Anasofia,F
Ania,F
Anistyn,F
Annalia,F
Anvi,F
Calleigh,F
Emarie,F
Evolet,F
Hellen,F
Jaden,F
Jayne,F
Lillyan,F
Lotus,F
Marbella,F
Merritt,F
Roxy,F
Sariya,F
Sevyn,F
Taylynn,F
Theodora,F
Tilly,F
Zaida,F
Boyd,M
Deonte,M
Jaydin,M
Kairo,M
Keoni,M
Kipton,M
Morrison,M
Neo,M
Ocean,M
Rick,M
Teegan,M
Tristyn,M
Alyce,F
Aribella,F
Brigid,F
Bryce,F
Debora,F
Goldie,F
Kaylene,F
Mahogany,F
Mallorie,F
Marguerite,F
Mayla,F
Susannah,F
Toby,F
Tristan,F
Abe,M
Adin,M
Aizen,M
Brayton,M
Cadence,M
Desean,M
Jahir,M
Jakhi,M
Jaxin,M
Kysen,M
Luc,M
Marlin,M
Masyn,M
Raylon,M
Sire,M
Ainslee,F
Allegra,F
Ani,F
Antoinette,F
Avni,F
Britton,F
Corina,F
Divine,F
Joana,F
Kelsi,F
Linden,F
Lottie,F
Lucianna,F
Mindy,F
Priscila,F
Raylin,F
Ruhi,F
Samaira,F
Shaelyn,F
Shaina,F
Skarlett,F
Swara,F
Zooey,F
Aahil,M
Amani,M
Amen,M
Anay,M
Arvin,M
Blayne,M
Braelyn,M
Bryton,M
Calder,M
Darrius,M
Donnell,M
Geoffrey,M
Herbert,M
Jacari,M
Kadence,M
Kaedyn,M
Karam,M
Kylin,M
Mohamad,M
Nathen,M
Orin,M
Sameer,M
Warner,M
Yonatan,M
Zade,M
Ainara,F
Amiracle,F
Angelie,F
Annalyse,F
Anslee,F
Asiyah,F
Brianne,F
Brynnley,F
Devon,F
Ericka,F
Kalyn,F
Kenslee,F
Kristine,F
Lael,F
Laynie,F
Maizie,F
Marlo,F
Noelani,F
Pauline,F
Philomena,F
Rilyn,F
Rivky,F
Sahasra,F
Sherry,F
Suzanne,F
Ayman,M
Blaize,M
Coltyn,M
Cylas,M
Gerson,M
Hadi,M
Kurtis,M
Malikai,M
Marion,M
Nicolai,M
Olivier,M
Payson,M
Raleigh,M
Saad,M
Talan,M
Valor,M
Westen,M
Adelynne,F
Aisley,F
Arantxa,F
Avaleigh,F
Brookelyn,F
Chanelle,F
Christianna,F
Edna,F
Elisheva,F
Emaan,F
Felicia,F
Giulianna,F
Harlyn,F
Jayleigh,F
Kaileigh,F
Kylynn,F
Landyn,F
Malinda,F
Norma,F
Preslie,F
Romy,F
Savana,F
Shyann,F
Storm,F
Yuri,F
Zakiyah,F
Agastya,M
Arius,M
Ayush,M
Caeden,M
Edmond,M
Hampton,M
Ibraheem,M
Jayveon,M
Jed,M
Kellin,M
Knowledge,M
Kollin,M
Michelangelo,M
Rhyder,M
Sanjay,M
Tenzin,M
Wendell,M
Zakary,M
Alexi,F
Alona,F
Anaiya,F
Anaiyah,F
Briseida,F
Dasia,F
Draya,F
Emmarose,F
Gema,F
Hadassa,F
Jacelynn,F
Jayna,F
Jensen,F
Josey,F
Kenzington,F
Lilyanne,F
Liyana,F
Misha,F
Odessa,F
Skylin,F
Theia,F
Vianey,F
Yadira,F
Ammon,M
Andrei,M
Augustin,M
Breck,M
Calum,M
Chayton,M
Conley,M
Damani,M
Dmitri,M
Eliott,M
Filip,M
Finnigan,M
Giorgio,M
Isidro,M
Jaheim,M
Jaxsyn,M
Konrad,M
Landan,M
Omer,M
Renzo,M
Taha,M
Treyvon,M
Tyrus,M
Witten,M
Yusef,M
Acelynn,F
Adara,F
Aliviah,F
Anderson,F
Asher,F
Avyanna,F
Azlynn,F
Berlin,F
Cayleigh,F
Evalina,F
Illiana,F
Jaslene,F
Jennie,F
Johannah,F
Kahlan,F
Kassie,F
Kenadee,F
Khylee,F
Klaire,F
Lyrik,F
Nirvana,F
Rahma,F
Randi,F
Shira,F
Abbas,M
Ayub,M
Barron,M
Bradlee,M
Cartier,M
Eben,M
Evin,M
Flint,M
Hiro,M
Isael,M
Jaiceon,M
Jarrod,M
Jaziah,M
Johnson,M
Juancarlos,M
Juanpablo,M
Kharter,M
Masiah,M
Oziel,M
Sahil,M
Shayan,M
Tre,M
Tytan,M
West,M
Wylie,M
Zacharias,M
Zen,M
Adlee,F
Adria,F
Anja,F
Berklee,F
Blakeley,F
Coralee,F
Dakotah,F
Fatoumata,F
Halima,F
Indiana,F
Jamia,F
Jovi,F
Kennady,F
Kirra,F
Layah,F
Magaly,F
Mayar,F
Naiya,F
Naveah,F
Pia,F
Shaila,F
Shriya,F
Starr,F
Zipporah,F
Ashtyn,M
Ciaran,M
Davonte,M
Dyson,M
Elyjah,M
Fitzgerald,M
Gregorio,M
Indiana,M
Jakoby,M
Kavin,M
Layden,M
Leander,M
Mckinley,M
Mendel,M
Shiv,M
Sylvester,M
Syrus,M
Willis,M
Xavion,M
Zymir,M
Aaralyn,F
Aashvi,F
Abella,F
Abriana,F
Amyiah,F
Analiyah,F
Anastacia,F
Annalie,F
Annalyn,F
Brinkley,F
Easton,F
Eliyah,F
Haiden,F
Ily,F
Ivie,F
Janai,F
Janely,F
Jesslyn,F
Kyara,F
Lexy,F
Leyna,F
Maple,F
Marlena,F
Meara,F
Rylei,F
Saira,F
Saya,F
Skyy,F
Yocheved,F
Ashwin,M
Avian,M
Deklyn,M
Dempsey,M
Gavriel,M
Gracen,M
Khamari,M
Lemuel,M
Madison,M
Mahmoud,M
Malek,M
Meyer,M
Rudra,M
Sunny,M
Tracy,M
Zavian,M
Aleen,F
Aleeyah,F
Alysson,F
Ariannah,F
Ayden,F
Brook,F
Brynna,F
Cerenity,F
Ellyana,F
Emmersyn,F
Ensley,F
Karely,F
Kim,F
Kolbie,F
Kyrah,F
Leana,F
Mabry,F
Maleigha,F
Miller,F
Ravyn,F
Ridley,F
Ryanne,F
Sabella,F
Serene,F
Simran,F
Abiel,M
Aj,M
Coleton,M
Gadiel,M
Jadyn,M
Jeff,M
Joseluis,M
Karas,M
Kayne,M
Loren,M
Marquez,M
Merritt,M
Montana,M
Oden,M
Ren,M
Roscoe,M
Zach,M
Aalayah,F
Adella,F
Baylie,F
Bethel,F
Briseyda,F
Caitlynn,F
Collette,F
Desire,F
Grey,F
Isa,F
Isela,F
Ivette,F
Janaya,F
Jariyah,F
Jordana,F
Julieth,F
Keagan,F
Lexus,F
Lilli,F
Meagan,F
Nava,F
Nilah,F
Royale,F
Sequoia,F
Sullivan,F
Tillie,F
Tova,F
Venus,F
Yanely,F
Beckam,M
Blair,M
Darin,M
Darion,M
Dixon,M
Everardo,M
Jimmie,M
Jovany,M
Karsten,M
Kasyn,M
Kekoa,M
Osmar,M
Ozzy,M
Patton,M
Shia,M
Tru,M
Tye,M
Tylen,M
Zayan,M
Zylen,M
Amaryllis,F
Aniylah,F
Becca,F
Carrington,F
Daliyah,F
Emilyn,F
Emsley,F
Eowyn,F
Gianni,F
Haya,F
Isley,F
Jamiah,F
Jenevieve,F
Jesiah,F
Kaily,F
Laurie,F
Maddisyn,F
Mandy,F
Meah,F
Nadya,F
Nataleigh,F
Paxton,F
Prudence,F
Rosabella,F
Rosario,F
Sade,F
Sedona,F
Zakiya,F
Ahmari,M
Akiva,M
Antwon,M
Breckin,M
Camari,M
Crue,M
Devante,M
Jeter,M
Kaydon,M
Loyal,M
Sultan,M
Taylen,M
Virgil,M
Yehoshua,M
Zeppelin,M
Abilene,F
Adia,F
Aly,F
Arissa,F
Blakelee,F
Briseis,F
Cailey,F
Chesney,F
Daniyah,F
Emmylou,F
Finlee,F
Ginger,F
Ilyana,F
Izabela,F
Jaime,F
Jalissa,F
Kaiyah,F
Kezia,F
Kylin,F
Kynnedi,F
Lovely,F
Maira,F
Melisa,F
Minnie,F
Niah,F
Nika,F
Payson,F
Rikki,F
Safiya,F
Tanner,F
Tayler,F
Vanellope,F
Yehudis,F
Yulianna,F
Baxter,M
Braedon,M
Deklin,M
Deontae,M
Fahad,M
Jacobo,M
Jafet,M
Jaylan,M
Jonatan,M
Kolbe,M
Krishna,M
Maceo,M
Manny,M
Manolo,M
Reyes,M
Richie,M
Salomon,M
Sulaiman,M
Adalyne,F
Alea,F
Analy,F
Anvika,F
Azalia,F
Aziyah,F
Bobbi,F
Brilee,F
Camellia,F
Damiyah,F
Elowyn,F
Elyza,F
Irma,F
Issabella,F
Jean,F
Kamaria,F
Kensie,F
Keyli,F
Khaliyah,F
Kristiana,F
Lenore,F
Liz,F
Luca,F
Melanny,F
Polina,F
Sakura,F
Story,F
Xyla,F
Yasmina,F
Zaniah,F
Anirudh,M
Croix,M
Cutter,M
Dayson,M
Eivin,M
Gene,M
Hashim,M
Holt,M
Jaren,M
Jermiah,M
Kadin,M
Kage,M
Lex,M
Maxson,M
Nevin,M
Osiel,M
Tayson,M
Tom,M
Travon,M
Yohan,M
Zyion,M
Adrianne,F
Alaynah,F
Amna,F
Auria,F
Dawson,F
Dayanara,F
Elani,F
Emmanuella,F
Emmery,F
Empress,F
Eris,F
Isra,F
Jailyne,F
Jariah,F
Joselin,F
Jules,F
Justina,F
Kameryn,F
Karol,F
Kymber,F
Lani,F
Maliha,F
Marigold,F
Marla,F
Reva,F
Rosanna,F
Tyra,F
Uma,F
Zoee,F
Akhil,M
Amadeus,M
Aram,M
Asael,M
Brooklyn,M
Carmello,M
Dallin,M
Deanthony,M
Eian,M
Eshan,M
Eyad,M
Faisal,M
Hosea,M
Journey,M
Kenai,M
Koltyn,M
Lenin,M
Marshal,M
Paulo,M
Radley,M
Raghav,M
Riggs,M
Scout,M
Seven,M
Simcha,M
Willem,M
Wynn,M
Alexandrea,F
Annsley,F
Aries,F
Asa,F
Blakelyn,F
Brandy,F
Chelsie,F
Citlaly,F
Daelyn,F
Delila,F
Destiney,F
Emaline,F
Huda,F
Irelyn,F
Jazleen,F
Joseline,F
Kaiden,F
Kalliope,F
Kynsley,F
Mattison,F
Ocean,F
Solana,F
Stormie,F
Aziel,M
Braylan,M
Brylan,M
Cru,M
Cruze,M
Eastyn,M
Eros,M
Genaro,M
Hernan,M
Kalen,M
Kaydin,M
Kevon,M
Landin,M
Orson,M
Rush,M
Shlok,M
Wren,M
Yechiel,M
Aaliya,F
Adamaris,F
Alynna,F
Anali,F
Analisa,F
Angelia,F
Aralynn,F
Azlyn,F
Brileigh,F
Brilynn,F
Caia,F
Cathy,F
Dara,F
Edyn,F
Emmalin,F
Emree,F
Gracey,F
Harlynn,F
Harmonee,F
Ileana,F
Iona,F
Jayce,F
Jesse,F
Kailah,F
Katana,F
Kenadie,F
Lamya,F
Laynee,F
Lillee,F
Makiya,F
Makyla,F
Marilynn,F
Nahomy,F
Naomy,F
Nariyah,F
Neve,F
Scotlyn,F
Yitty,F
Ysabella,F
Zamiyah,F
Zaylah,F
Adonai,M
Ayansh,M
Aylan,M
Brennon,M
Dave,M
Finlay,M
Guadalupe,M
Hendrik,M
Jamaal,M
Jeronimo,M
Klay,M
Lake,M
Oswaldo,M
Reggie,M
Rehan,M
Yash,M
Zyair,M
Adamari,F
Ahana,F
Aizah,F
Aleia,F
Alliyah,F
Andromeda,F
Avayah,F
Ayelen,F
Birdie,F
Brie,F
Bryana,F
Cathryn,F
Devora,F
Francis,F
Jaela,F
Josette,F
Karson,F
Kenadi,F
Lavinia,F
Liesel,F
Luci,F
Malorie,F
Manuela,F
Melannie,F
Rena,F
Rina,F
Rya,F
Sury,F
Therese,F
Tirzah,F
Wyatt,F
Abhiram,M
Adryan,M
Armin,M
Azrael,M
Bradford,M
Cree,M
Elio,M
Esai,M
Everette,M
Jeancarlos,M
Kahlil,M
Kendric,M
Mamadou,M
Marques,M
Mykel,M
Parth,M
Pax,M
Riyan,M
Robbie,M
Storm,M
Treyton,M
Zac,M
Ambar,F
Ameya,F
Auden,F
Brynlie,F
Catarina,F
Chase,F
Chevy,F
Citlalli,F
Crimson,F
Daniya,F
Denali,F
Elizabella,F
Emberlee,F
Eviana,F
Giulietta,F
Haisley,F
Jaydah,F
Kaylei,F
Kiah,F
Kimberlee,F
Landrie,F
Lillia,F
Lyanna,F
Lynnlee,F
Macyn,F
Malaika,F
Marlen,F
Maycie,F
Paetyn,F
Sama,F
Saraya,F
Shaindy,F
Vania,F
Zahraa,F
Aariz,M
Ahaan,M
Alekzander,M
Arie,M
Asaiah,M
